{
  "pelvis": {
    "p": [
      0.0,
      0.0,
      0.0
    ],
    "q": [
      1.0,
      0.0,
      0.0,
      0.0
    ]
  },
  "pelvis_contour_link": {
    "p": [
      0.0,
      0.0,
      0.0
    ],
    "q": [
      1.0,
      0.0,
      0.0,
      0.0
    ]
  },
  "torso_link": {
    "p": [
      -0.0039635,
      0.0,
      0.054000000000000006
    ],
    "q": [
      1.0,
      0.0,
      0.0,
      0.0
    ]
  },
  "head_link": {
    "p": [
      0.0,
      0.0,
      6.938893903907228e-18
    ],
    "q": [
      1.0,
      0.0,
      0.0,
      0.0
    ]
  },
  "waist_yaw_link": {
    "p": [
      0.0,
      0.0,
      0.0
    ],
    "q": [
      1.0,
      0.0,
      0.0,
      0.0
    ]
  },
  "waist_roll_link": {
    "p": [
      -0.0039635,
      0.0,
      0.035
    ],
    "q": [
      1.0,
      0.0,
      0.0,
      0.0
    ]
  },
  "logo_link": {
    "p": [
      0.0,
      0.0,
      6.938893903907228e-18
    ],
    "q": [
      1.0,
      0.0,
      0.0,
      0.0
    ]
  },
  "left_hip_pitch_link": {
    "p": [
      0.0,
      0.064452,
      -0.1027
    ],
    "q": [
      1.0,
      0.0,
      0.0,
      0.0
    ]
  },
  "left_hip_roll_link": {
    "p": [
      0.0,
      0.116452,
      -0.133165
    ],
    "q": [
      0.9961786849744957,
      0.0,
      -0.08733858026373247,
      0.0
    ]
  },
  "left_hip_yaw_link": {
    "p": [
      0.04621766286810568,
      0.116452,
      -0.25104100281656194
    ],
    "q": [
      0.9961786849744957,
      0.0,
      -0.08733858026373247,
      0.0
    ]
  },
  "left_knee_link": {
    "p": [
      -2.3260967809968225e-06,
      0.1186009,
      -0.4392957524222113
    ],
    "q": [
      1.0,
      0.0,
      0.0,
      0.0
    ]
  },
  "left_ankle_pitch_link": {
    "p": [
      -2.3260967809968225e-06,
      0.118506455,
      -0.7393057524222113
    ],
    "q": [
      1.0,
      0.0,
      0.0,
      0.0
    ]
  },
  "left_ankle_roll_link": {
    "p": [
      -2.3260967809968225e-06,
      0.118506455,
      -0.7568637524222113
    ],
    "q": [
      1.0,
      0.0,
      0.0,
      0.0
    ]
  },
  "right_hip_pitch_link": {
    "p": [
      0.0,
      -0.064452,
      -0.1027
    ],
    "q": [
      1.0,
      0.0,
      0.0,
      0.0
    ]
  },
  "right_hip_roll_link": {
    "p": [
      0.0,
      -0.116452,
      -0.133165
    ],
    "q": [
      0.9961786849744957,
      0.0,
      -0.08733858026373247,
      0.0
    ]
  },
  "right_hip_yaw_link": {
    "p": [
      0.04621766286810568,
      -0.116452,
      -0.25104100281656194
    ],
    "q": [
      0.9961786849744957,
      0.0,
      -0.08733858026373247,
      0.0
    ]
  },
  "right_knee_link": {
    "p": [
      -2.3260967809968225e-06,
      -0.1186009,
      -0.4392957524222113
    ],
    "q": [
      1.0,
      0.0,
      0.0,
      0.0
    ]
  },
  "right_ankle_pitch_link": {
    "p": [
      -2.3260967809968225e-06,
      -0.118506455,
      -0.7393057524222113
    ],
    "q": [
      1.0,
      0.0,
      0.0,
      0.0
    ]
  },
  "right_ankle_roll_link": {
    "p": [
      -2.3260967809968225e-06,
      -0.118506455,
      -0.7568637524222113
    ],
    "q": [
      1.0,
      0.0,
      0.0,
      0.0
    ]
  },
  "left_shoulder_pitch_link": {
    "p": [
      -7.199999999999741e-06,
      0.10022,
      0.29178
    ],
    "q": [
      0.9902640743722195,
      0.1392014837428143,
      1.3872204401988459e-05,
      -9.868683842420438e-05
    ]
  },
  "left_shoulder_roll_link": {
    "p": [
      3.739424952574705e-07,
      0.14056044563528597,
      0.28896132130565894
    ],
    "q": [
      0.9950011646240008,
      0.09986326884972267,
      1.7770757893704393e-05,
      -9.805983019064898e-05
    ]
  },
  "left_shoulder_yaw_link": {
    "p": [
      -1.4602510864961708e-08,
      0.1671847307246882,
      0.1890597445246728
    ],
    "q": [
      0.9950011646240008,
      0.09986326884972267,
      1.7770757893704393e-05,
      -9.805983019064898e-05
    ]
  },
  "left_elbow_link": {
    "p": [
      0.015781714614685884,
      0.18318289932502935,
      0.1101468365985918
    ],
    "q": [
      0.9950011646240008,
      0.09986326884972267,
      1.7770757893704393e-05,
      -9.805983019064898e-05
    ]
  },
  "left_wrist_roll_link": {
    "p": [
      0.11578192994754923,
      0.18700127668374472,
      0.10071597598592688
    ],
    "q": [
      0.9950011646240008,
      0.09986326884972267,
      1.7770757893704393e-05,
      -9.805983019064898e-05
    ]
  },
  "left_wrist_pitch_link": {
    "p": [
      0.15378192919275294,
      0.18699399626380026,
      0.10071388792392794
    ],
    "q": [
      0.9950011646240008,
      0.09986326884972267,
      1.7770757893704393e-05,
      -9.805983019064898e-05
    ]
  },
  "left_wrist_yaw_link": {
    "p": [
      0.19978192827905217,
      0.18698518312386747,
      0.1007113602699292
    ],
    "q": [
      0.9950011646240008,
      0.09986326884972267,
      1.7770757893704393e-05,
      -9.805983019064898e-05
    ]
  },
  "left_hand_palm_link": {
    "p": [
      0.24128252352048246,
      0.18991739604644162,
      0.10130526428882657
    ],
    "q": [
      0.9950011646240008,
      0.09986326884972267,
      1.7770757893704393e-05,
      -9.805983019064898e-05
    ]
  },
  "left_hand_thumb_0_link": {
    "p": [
      0.2667825230139744,
      0.1899125105014789,
      0.10130386308932728
    ],
    "q": [
      0.9950011646240008,
      0.09986326884972267,
      1.7770757893704393e-05,
      -9.805983019064898e-05
    ]
  },
  "left_hand_thumb_1_link": {
    "p": [
      0.26427868837399116,
      0.170997935004805,
      0.0974685474730782
    ],
    "q": [
      0.9950011646240008,
      0.09986326884972267,
      1.7770757893704393e-05,
      -9.805983019064898e-05
    ]
  },
  "left_hand_thumb_2_link": {
    "p": [
      0.2642695884369158,
      0.12611143268343214,
      0.08836679892982928
    ],
    "q": [
      0.9950011646729063,
      0.09986326885859556,
      1.7720826259277313e-05,
      -9.756232960832475e-05
    ]
  },
  "left_hand_index_0_link": {
    "p": [
      0.3189832895717826,
      0.18580684489947552,
      0.12955051741761436
    ],
    "q": [
      0.9950011645748464,
      0.09986326884082482,
      1.782068952812703e-05,
      -9.855733077294869e-05
    ]
  },
  "left_hand_index_1_link": {
    "p": [
      0.36478328865293164,
      0.18579802519104013,
      0.12954799165166708
    ],
    "q": [
      0.9950011645254434,
      0.09986326883190198,
      1.787062116254521e-05,
      -9.905483135522376e-05
    ]
  },
  "left_hand_middle_0_link": {
    "p": [
      0.3189823901859265,
      0.19713434894231588,
      0.07368740211466568
    ],
    "q": [
      0.9950011645748464,
      0.09986326884082482,
      1.782068952812703e-05,
      -9.855733077294869e-05
    ]
  },
  "left_hand_middle_1_link": {
    "p": [
      0.3647823892670755,
      0.1971255292338805,
      0.0736848763487184
    ],
    "q": [
      0.9950011645254434,
      0.09986326883190198,
      1.787062116254521e-05,
      -9.905483135522376e-05
    ]
  },
  "right_shoulder_pitch_link": {
    "p": [
      -7.199999999999741e-06,
      -0.10021,
      0.29178
    ],
    "q": [
      0.9902640743722195,
      -0.1392014837428143,
      1.3872204401988459e-05,
      9.868683842420438e-05
    ]
  },
  "right_shoulder_roll_link": {
    "p": [
      3.739424952574705e-07,
      -0.14055044563528596,
      0.28896132130565894
    ],
    "q": [
      0.9950011646240008,
      -0.09986326884972267,
      1.7770757893704393e-05,
      9.805983019064898e-05
    ]
  },
  "right_shoulder_yaw_link": {
    "p": [
      -1.4602510864961708e-08,
      -0.1671747307246882,
      0.1890597445246728
    ],
    "q": [
      0.9950011646240008,
      -0.09986326884972267,
      1.7770757893704393e-05,
      9.805983019064898e-05
    ]
  },